Index,Device Iphone,Price Device Iphone
0,"Apple iPhone XR, 64GB, White - Fully Unlocked (Renewed)",429.
1,"Apple iPhone 8, 64GB, Gold - Fully Unlocked (Renewed)",238.
2,"Apple iPhone 7, 32GB, Black - Fully Unlocked (Renewed)",147.
3,"Apple Iphone X, 256GB, Space Gray - Fully Unlocked (Renewed)",469.
4,"Apple iPhone 6S, 64GB, Space Gray - Fully Unlocked (Renewed)",122.
5,Simple Mobile - Apple iPhone 11 Pro Max (64GB) - Gold,"1,099."
6,Simple Mobile - Apple iPhone 11 Pro Max (64GB) - Midnight Green,"1,099."
7,Simple Mobile - Apple iPhone 11 Pro Max (64GB) - Silver,"1,099."
8,"Apple iPhone XS, 256GB , Space Gray - Fully Unlocked (Renewed)",559.
9,"Apple iPhone 8 Plus, 64GB, Space Gray - Fully Unlocked (Renewed)",322.
10,"Apple iPhone XS Max, 64GB, Gold - Fully Unlocked (Renewed)",629.
11,Simple Mobile - Apple iPhone 11 (64GB) - (PRODUCT)RED,699.
12,"Apple iPhone 6S, 64GB, Rose Gold - For AT&T / T-Mobile (Renewed)",125.
13,Simple Mobile - Apple iPhone 11 (64GB) - White,699.
14,Apple iPhone 8 a1905 64GB LTE GSM Unlocked (Renewed),234.
15,"Apple iPhone 7 Plus, 32GB, Black - For AT&T / T-Mobile (Renewed)",210.
